; Mean of the integrated profile; Standard deviation of the integrated profile; Excess kurtosis of the integrated profile; Skewness of the integrated profile; Mean of the DM-SNR curve; Standard deviation of the DM-SNR curve; Excess kurtosis of the DM-SNR curve; Skewness of the DM-SNR curve
17536;102.859375;38.36395085;0.233041962;1.045249514;14.14046823;45.60817566;3.183348712;8.934703595
14173;105.1015625;56.1611576;0.229231712;-0.509626345;2.681438127;19.45107119;9.076628405;90.79509168
11357;111.1796875;50.565155;0.33962844;0.111809264;3.593645485;22.0404863;7.88423477;68.62971442
17274;92.25;34.67167432;0.733480055;2.8002159939999998;1.9974916390000002;11.53303357;11.65259839;206.5592948
3152;190.421875;59.10644653;-1.5171586680000002;1.4975804780000002;95.71989967;97.75450946;0.058366206;-1.964997899
8251;11.3125;32.89917125;5.965438526;35.985231799999994;118.6337793;67.35104707;0.021561324;-0.574656351
17592;92.453125;42.49151742;0.627212041;1.150732516;3.571906355;18.33333167;6.85562017;57.7151333
17600;83.2265625;36.14234334;0.490059436;2.625865105;4.956521738999999;27.45595042;6.400355515;43.59051717
